,Area,Shared region,LTE Accessibility,LTE Retainability,LTE Intra Frequency Handover,LTE Inter Frequency Handover,4G VoLTE Accessibility,Volte CSSR,Network Availability,time value,Country,City,State,Postal Code,Region
0,North,1,96.30370860594111,91.32665153424946,93.67692568550169,99.4643018544972,91.77236222860016,93.59555171494917,94.25422394282336,2019-01-01 00:59:59.995,United States,Henderson,Kentucky,42420,South
1,North,1,92.83442141518519,99.94468256541603,92.0256132454949,95.77181578333725,97.28467328979052,93.12532898576839,92.8985768111149,2019-01-02 00:59:59.995,United States,Henderson,Kentucky,42420,South
2,North,1,95.6963901747426,91.45516257459568,95.75876019363567,93.93518751700846,96.33016356197503,90.22344936370021,96.82016521927757,2019-01-03 00:59:59.995,United States,Los Angeles,California,90036,West
3,North,1,91.2131704864755,96.75361686972481,92.02637541715735,94.3161273954072,93.0108118449098,93.85289901870644,90.21239379425403,2019-01-04 00:59:59.995,United States,Fort Lauderdale,Florida,33311,South
4,North,1,96.19814201316896,98.7283303488066,92.18156850328437,93.62444959297268,99.57924177335288,98.27145648643105,94.53553682312466,2019-01-05 00:59:59.995,United States,Fort Lauderdale,Florida,33311,South
5,North,1,91.7405374498322,92.24107087962572,97.9446473638425,90.02719690466031,97.4544885975846,91.17356166481281,97.57262048081418,2019-01-06 00:59:59.995,United States,Los Angeles,California,90032,West
6,North,1,95.74149757335071,99.8312458210288,92.09989752921072,95.02032782493976,98.01531951224398,96.44354620033516,92.41367038556433,2019-01-07 00:59:59.995,United States,Los Angeles,California,90032,West
7,North,1,94.3541122008495,95.80307713413104,95.15694297163795,96.42330869244566,93.96645568488172,96.87660459072771,96.78087061384856,2019-01-08 00:59:59.995,United States,Los Angeles,California,90032,West
8,North,1,94.96599577119757,98.0316810476188,99.614538099776,90.37847452499759,92.94447325003608,95.44931298028,94.38413926026337,2019-01-09 00:59:59.995,United States,Los Angeles,California,90032,West
9,North,1,95.60868103224996,96.84148192574278,97.31452243708945,99.92726226162588,94.43797289315178,98.94286057371815,91.27870704734907,2019-01-10 00:59:59.995,United States,Los Angeles,California,90032,West
10,North,1,98.77915510785706,96.931100868563,92.35990099096203,98.18312062807432,96.62935894953402,99.78913161707771,94.59467907373553,2019-01-11 00:59:59.995,United States,Los Angeles,California,90032,West
11,North,1,93.366473842602,95.62377195595826,97.74886363064456,98.68263666825044,91.09788995489917,90.40943372646488,92.29342506432218,2019-01-12 00:59:59.995,United States,Los Angeles,California,90032,West
12,North,1,98.8648256332033,92.35326235297794,99.28011705270836,92.71899018417939,94.83608683700609,94.89214448815021,98.69215330089116,2019-01-13 00:59:59.995,United States,Concord,North Carolina,28027,South
13,North,1,96.47573885595207,92.16317035693586,93.42700796774207,90.16123898253706,96.20106614025848,90.30428411633946,98.29084579892616,2019-01-14 00:59:59.995,United States,Seattle,Washington,98103,West
14,North,1,94.93581151689898,90.81960244562232,94.552791698631,95.386956292281,93.98692686968695,99.05185731858045,94.71240527438425,2019-01-15 00:59:59.995,United States,Fort Worth,Texas,76106,Central
15,North,1,95.4020964756277,96.49553492231792,92.5862719876345,95.19891462569761,99.89438933974841,97.98484754754723,97.34542667192432,2019-01-16 00:59:59.995,United States,Fort Worth,Texas,76106,Central
16,North,1,95.00890428389825,97.03010484127131,91.67510632517599,94.91193772409913,94.22931960706586,95.76450253156666,94.11802731212995,2019-01-17 00:59:59.995,United States,Madison,Wisconsin,53711,Central
17,North,1,93.23141028812368,97.38283092671384,96.0893435250315,98.48200100993739,95.00564657079931,96.50643348257265,94.63869881060285,2019-01-18 01:00:00.000,United States,West Jordan,Utah,84084,West
18,North,2,93.16464288601111,93.6120520331967,91.34560236803783,98.73378643675842,99.32869099823043,96.91057924514237,92.7930511688951,2019-01-01 00:59:59.995,United States,San Francisco,California,94109,West
19,North,2,92.28375635048901,96.10228186958294,91.07214862361711,95.45987153929121,90.48874909800101,94.12439611369713,96.50947301727739,2019-01-02 00:59:59.995,United States,San Francisco,California,94109,West
20,North,2,99.95021172813449,96.08936186115304,91.3792088334099,99.1711249219853,93.00001578257167,99.92466911544756,90.03752590661043,2019-01-03 00:59:59.995,United States,San Francisco,California,94109,West
21,North,2,95.0109445091686,95.19029085919573,91.19315570603928,98.99430280269452,93.97472917886734,90.2861375743268,99.26683122674706,2019-01-04 00:59:59.995,United States,Fremont,Nebraska,68025,Central
22,North,2,92.90810216060103,93.98641180999452,97.52273162339074,94.53438498991345,99.42325499094908,96.01523725987502,92.50367212678135,2019-01-05 00:59:59.995,United States,Fremont,Nebraska,68025,Central
23,North,2,92.5223270818475,95.5100347620602,92.25345070721019,97.13887192128371,93.37096791503977,96.79678939390631,96.81641704558538,2019-01-06 00:59:59.995,United States,Philadelphia,Pennsylvania,19140,East
24,North,2,96.27289178506132,92.02913496514135,96.91422679144115,95.72240168733475,97.70316326066546,92.78376432450605,90.13324278580058,2019-01-07 00:59:59.995,United States,Orem,Utah,84057,West
25,North,2,97.26237078245974,98.24354606402429,96.2463401067771,91.27305925544657,95.3616123474559,92.25674839677816,93.80114417671183,2019-01-08 00:59:59.995,United States,Los Angeles,California,90049,West
26,North,2,99.9576344325859,99.59252955773913,95.38577690463553,92.77199366044506,94.34502987751054,95.11541966980485,96.239652933173,2019-01-09 00:59:59.995,United States,Los Angeles,California,90049,West
27,North,2,98.68756918814557,94.56510553492535,99.40904987449727,91.32900115443681,99.01957100383584,96.02674972587992,98.18460357747449,2019-01-10 00:59:59.995,United States,Philadelphia,Pennsylvania,19140,East
28,North,2,91.58033995517766,93.51569950021812,95.50108627055751,92.12712783877654,98.05166185693356,96.10903802678801,94.67536206390847,2019-01-11 00:59:59.995,United States,Philadelphia,Pennsylvania,19140,East
29,North,2,92.41458158117962,97.01996591336075,95.5856355064442,95.78892420128305,99.38941663792849,95.26693427852351,92.08639778998153,2019-01-12 00:59:59.995,United States,Philadelphia,Pennsylvania,19140,East
30,North,2,95.24168963752871,91.46526224259277,93.3918103948934,95.6923464750516,96.38822475306793,96.03475140586329,91.56734603224594,2019-01-13 00:59:59.995,United States,Philadelphia,Pennsylvania,19140,East
31,North,2,95.25728544560347,99.19270156686844,93.04731855488761,93.61642781965017,95.29226283823067,91.29466307771048,90.13124600055264,2019-01-14 00:59:59.995,United States,Philadelphia,Pennsylvania,19140,East
32,North,2,96.86396445251007,93.52505646128839,97.84178705007477,95.72808920327736,95.4023462635632,94.38594394112728,92.84571617366632,2019-01-15 00:59:59.995,United States,Philadelphia,Pennsylvania,19140,East
33,North,2,96.92390396969195,91.40855095979798,92.26610111690164,94.5904614999082,96.715013610765,95.65786828109218,91.72178974603607,2019-01-16 00:59:59.995,United States,Philadelphia,Pennsylvania,19140,East
34,North,2,91.23438736223736,97.82762214860836,96.16506801118557,95.77266019021357,90.17599344096499,92.70076629024854,90.52484303350502,2019-01-17 00:59:59.995,United States,Houston,Texas,77095,Central
35,North,2,98.22324236219352,92.7232186272602,96.83958277364661,91.26453375868545,91.61468395994953,90.04679103689402,97.14126861206417,2019-01-18 01:00:00.000,United States,Richardson,Texas,75080,Central
36,North,3,96.86199698316707,98.69768501709325,94.73183727208286,92.7674575444735,98.4210389207321,97.88025259541938,96.05832274565536,2019-01-01 00:59:59.995,United States,Richardson,Texas,75080,Central
37,North,3,90.60188369213247,95.72152344619587,94.40067449842063,91.96384863775168,93.71925763439793,99.47925750140327,90.20405892669731,2019-01-02 00:59:59.995,United States,Houston,Texas,77041,Central
38,North,3,90.78813602493585,99.00828799991965,91.0319483630774,93.92201263915115,93.00281900319081,94.1514811531346,97.57917160346413,2019-01-03 00:59:59.995,United States,Houston,Texas,77041,Central
39,North,3,98.34977840522254,90.82958681507758,92.84702928094646,93.59238977239303,98.09718069725227,93.29363676342554,90.66618689698745,2019-01-04 00:59:59.995,United States,Houston,Texas,77041,Central
40,North,3,94.62470208519876,94.2127376220092,94.99114800845332,92.66881040386868,96.43841935229437,97.59138132093132,96.23109434855114,2019-01-05 00:59:59.995,United States,Houston,Texas,77041,Central
41,North,3,98.65527661170188,97.49680746932916,93.71537332402829,93.15451660572215,95.61100728395624,94.87971049997543,92.86543093255068,2019-01-06 00:59:59.995,United States,Naperville,Illinois,60540,Central
42,North,3,91.3587506485485,97.38169621173076,92.80685047831116,92.80085340342573,96.41897540761781,93.30213990085372,98.87016496408128,2019-01-07 00:59:59.995,United States,Los Angeles,California,90049,West
43,North,3,92.13429814548154,90.2171425601982,97.34271657375714,99.34583073418182,93.50201519159369,91.45489812483146,94.33852754729124,2019-01-08 00:59:59.995,United States,Melbourne,Florida,32935,South
44,North,3,93.34914954108461,96.63536193057922,99.38540695573539,96.4729614201143,96.36460233252433,95.31207292263915,92.27299657688636,2019-01-09 00:59:59.995,United States,Eagan,Minnesota,55122,Central
45,North,3,92.06648623090321,99.2900651275326,97.13359771488301,96.87654167224953,96.3355232270308,93.4504524558789,94.80709653822998,2019-01-10 00:59:59.995,United States,Eagan,Minnesota,55122,Central
46,North,3,92.22789959070802,99.40165544736726,92.31648570516361,93.44276803268373,90.98546102690594,95.02197769723814,91.12688576941432,2019-01-11 00:59:59.995,United States,Westland,Michigan,48185,Central
47,North,3,97.4136291975323,98.08786393632292,90.20132960160504,98.76543197459809,98.06501264864606,97.55891245342316,92.16124615861628,2019-01-12 00:59:59.995,United States,Dover,Delaware,19901,East
48,North,3,97.68572325574891,92.91480754054763,93.01415429424634,96.32634597274141,97.93610221100737,96.53727304493671,93.58817990208175,2019-01-13 00:59:59.995,United States,Dover,Delaware,19901,East
49,North,3,91.29976710098157,96.81730471650958,98.44797812674639,95.28842988572926,93.92115342202243,93.41911274782939,94.54551228881819,2019-01-14 00:59:59.995,United States,New Albany,Indiana,47150,Central
50,North,3,96.82285709335846,97.14915230242006,91.79849253824601,95.61525606267725,92.5831557486784,99.29601244995152,96.5269409291339,2019-01-15 00:59:59.995,United States,New Albany,Indiana,47150,Central
51,North,3,93.86057769564604,94.27886940734044,96.92468860338636,98.65677295445329,97.4452259821975,94.49232649156619,98.94441518751546,2019-01-16 00:59:59.995,United States,New Albany,Indiana,47150,Central
52,North,3,99.28586516196047,98.07871360877202,90.84250589562079,97.15392000566382,92.05426927589222,94.79236699496857,98.0425288637361,2019-01-17 00:59:59.995,United States,New Albany,Indiana,47150,Central
53,North,3,97.08129362061764,97.51263345827785,93.26764131702186,92.43215759533143,97.70735666102999,98.91995709234418,98.47939090235364,2019-01-18 01:00:00.000,United States,New York City,New York,10024,East
54,North,4,94.52288688810471,93.92121316842967,97.22638971522031,99.33910625087199,91.65597890587924,99.54695157211545,97.64182954833889,2019-01-01 00:59:59.995,United States,New York City,New York,10024,East
55,North,4,90.36296771447077,93.77469484602585,90.57713996169197,92.60744236180645,99.6804580817566,91.13988855383994,96.42400916595959,2019-01-02 00:59:59.995,United States,Troy,New York,12180,East
56,North,4,93.27328041172397,95.53676215962872,94.14158166237037,96.66243818522013,91.0788904876698,90.58741197691316,99.12869997921246,2019-01-03 00:59:59.995,United States,Troy,New York,12180,East
57,North,4,95.27173994645784,97.5650158541444,98.18436616887479,90.53677337643919,92.86266825544028,98.45942104395496,98.93045433815551,2019-01-04 00:59:59.995,United States,Troy,New York,12180,East
58,North,4,91.53684819929006,91.60834467081189,94.68978129663964,90.1857209596397,91.5885173621344,98.0369791556517,93.46780965808112,2019-01-05 00:59:59.995,United States,Troy,New York,12180,East
59,North,4,93.23275629134093,93.40074172322257,97.46484006360964,98.42625264678301,96.70558618252845,92.60139901281586,98.17192599436416,2019-01-06 00:59:59.995,United States,Troy,New York,12180,East
60,North,4,99.7243563065894,90.28897333663538,97.86219551594522,99.64508741787992,96.22836974463813,97.99039731058934,94.4321218842812,2019-01-07 00:59:59.995,United States,Troy,New York,12180,East
61,South,4,90.25765788137173,91.86334834096354,97.34361089381329,94.03473951460167,91.83617755804117,91.55546276436765,99.59443103521579,2019-01-08 00:59:59.995,United States,Troy,New York,12180,East
62,South,4,91.19742165925004,98.29311140281524,91.60824257107488,90.15499087695257,97.94551631333215,98.70969735956511,97.40082683871009,2019-01-09 00:59:59.995,United States,Los Angeles,California,90004,West
63,South,4,90.28796546036484,98.47572522805373,99.49759883871074,91.91715083298081,99.2633483617807,94.40229384589796,94.80643701786929,2019-01-10 00:59:59.995,United States,Los Angeles,California,90004,West
64,South,4,98.64703951764062,94.38136845945381,93.76272309171388,97.9800223967825,99.77280306020359,93.38733219012988,97.46156159186256,2019-01-11 00:59:59.995,United States,Los Angeles,California,90004,West
65,South,4,96.12732869010394,90.54312102036411,95.74910873775654,92.49412761478186,96.6367236656286,98.6369938471025,99.53085100615813,2019-01-12 00:59:59.995,United States,Los Angeles,California,90004,West
66,South,4,97.30451251673246,95.75001598940713,96.80334369613735,92.87327000823295,98.07796104451494,93.38014348401366,90.3195811112497,2019-01-13 00:59:59.995,United States,Chicago,Illinois,60610,Central
67,South,4,96.42566802707518,97.86875770890111,95.83500972275414,97.7497472201182,97.8124726979525,90.95995256735172,94.82664215934241,2019-01-14 00:59:59.995,United States,Gilbert,Arizona,85234,West
68,South,4,91.32396860786004,97.10433553359003,90.46474372545086,92.04878981428627,99.98579007408227,91.97558906878521,95.30703992489404,2019-01-15 00:59:59.995,United States,Gilbert,Arizona,85234,West
69,South,4,91.43440123105853,95.01577076541082,90.09420059218944,93.02669901227537,92.18787408967546,90.82565954603295,93.22796631720684,2019-01-16 00:59:59.995,United States,Springfield,Virginia,22153,South
70,South,4,97.73399114208561,97.73000155453119,99.00205634861877,92.16376591504142,99.07818752159378,98.45822113572333,96.96129228573751,2019-01-17 00:59:59.995,United States,New York City,New York,10009,East
71,South,4,97.86213597408229,96.84146377833783,98.0708777911614,98.2404478967333,99.0876569727679,96.07032932460072,98.34761301473617,2019-01-18 01:00:00.000,United States,Jackson,Michigan,49201,Central
72,South,5,91.97009896977437,97.37384473963564,98.76000053219536,99.0645799899858,92.48128548787449,98.13992453625542,93.36726670131735,2019-01-01 00:59:59.995,United States,Memphis,Tennessee,38109,South
73,South,5,90.41805494626091,97.41234027961141,91.30867030699667,91.82962625271249,98.220461124357,92.87691995917568,94.3714914410309,2019-01-02 00:59:59.995,United States,Memphis,Tennessee,38109,South
74,South,5,94.03423811370523,99.6471045694515,97.43196281031976,99.08598025535132,94.50142185094995,94.3858286435106,98.9147204415162,2019-01-03 00:59:59.995,United States,Memphis,Tennessee,38109,South
75,South,5,92.74736860068728,96.57519546817971,91.11243962701892,96.81333833918158,95.16649480582824,92.46828873874743,91.5523421824725,2019-01-04 00:59:59.995,United States,Houston,Texas,77041,Central
76,South,5,96.82922374697438,95.21012697439723,92.23649017570419,90.57617534493076,92.54077563047795,92.27302739224741,99.9834302449734,2019-01-05 00:59:59.995,United States,Houston,Texas,77041,Central
77,South,5,92.25885755090583,92.15357022695045,94.32431530113556,93.0514107987331,96.74075325343614,94.2930959175044,97.14157872713632,2019-01-06 00:59:59.995,United States,Houston,Texas,77041,Central
78,South,5,99.81585119223755,98.67386641140956,93.52520910791583,90.6262751160201,91.48040358783392,95.76795456771862,93.75300738999137,2019-01-07 00:59:59.995,United States,Houston,Texas,77070,Central
79,South,5,90.77737778460663,90.17170315700197,93.28570772750145,99.58997931131834,91.49482184952882,93.07871470609918,91.9028488190044,2019-01-08 00:59:59.995,United States,Decatur,Alabama,35601,South
80,South,5,97.09167081861906,93.44077258418217,93.63324520120658,93.57169139708012,96.37956481872756,96.53589292067022,95.46932351569797,2019-01-09 00:59:59.995,United States,Decatur,Alabama,35601,South
81,South,5,98.04553722245872,98.1760642992422,97.47192448485768,91.64314743179554,99.59862726467802,94.89806719006113,94.46637948722228,2019-01-10 00:59:59.995,United States,San Francisco,California,94122,West
82,South,5,94.78447315220087,97.13187096056122,93.18391603557687,90.04617476107909,90.33275548858516,90.55079527518585,93.12128831737566,2019-01-11 00:59:59.995,United States,San Francisco,California,94122,West
83,South,5,96.30598465304563,90.148511045009,97.02198199437638,92.50190114062497,94.04717332003561,94.89263908496937,91.42369870812414,2019-01-12 00:59:59.995,United States,Durham,North Carolina,27707,South
84,South,5,93.35362578080066,96.6669663337761,96.54179362712115,92.36014035035548,95.79636632277278,93.21789392414674,99.97538473376616,2019-01-13 00:59:59.995,United States,Chicago,Illinois,60623,Central
85,South,5,92.91637216755669,95.39384754664908,92.57824243448067,91.26307462472963,91.24120693925136,94.62992532713716,99.14544643347932,2019-01-14 00:59:59.995,United States,Columbia,South Carolina,29203,South
86,South,5,98.97996174098846,99.46858434621714,96.8453028955347,93.64986551872177,90.95663090516364,96.51545675780139,90.95440183968833,2019-01-15 00:59:59.995,United States,Rochester,Minnesota,55901,Central
87,South,5,96.95197755578367,90.53521842165055,90.66982671539981,92.24139653586562,93.20859231336206,98.1315455830605,90.65513551586419,2019-01-16 00:59:59.995,United States,Rochester,Minnesota,55901,Central
88,South,5,94.60470720454344,92.7283890171469,98.28446530319758,99.37394174465926,95.0085835313029,92.03545033904877,92.57597960182508,2019-01-17 00:59:59.995,United States,Houston,Texas,77095,Central
89,South,5,97.58638209338636,99.5146332410057,94.68938880384671,94.69579091064064,92.09753105258005,91.79470741180802,92.46267648940646,2019-01-18 01:00:00.000,United States,Los Angeles,California,90036,West
90,South,6,95.83879607451962,93.21377840082724,96.19508918894861,93.09199330425851,99.8979053926821,98.50553618724311,95.66636820036393,2019-01-01 00:59:59.995,United States,Los Angeles,California,90036,West
91,South,6,94.36880182427952,97.72560688484286,95.77736424239566,99.94220068178832,91.80825065283962,97.25001950544727,95.6250112332979,2019-01-02 00:59:59.995,United States,Los Angeles,California,90036,West
92,South,6,93.9963085252836,99.35602106809591,98.71934517768015,93.66383508108771,99.19385778479031,91.02960440178703,95.31539791633843,2019-01-03 00:59:59.995,United States,Minneapolis,Minnesota,55407,Central
93,South,6,96.40943971379141,98.8624733010245,96.04070802565576,91.29210984472299,95.63132334912191,99.34351733953847,94.98759786133188,2019-01-04 00:59:59.995,United States,Minneapolis,Minnesota,55407,Central
94,South,6,91.74264126076592,93.63831319845693,93.09043769427565,97.75795816914635,96.98371135923816,93.44878181713719,96.16290464379794,2019-01-05 00:59:59.995,United States,Minneapolis,Minnesota,55407,Central
95,South,6,90.76670843966825,92.37214630297267,99.2868290073033,95.01493631462819,92.53610286406233,97.93707516571214,93.6067493150655,2019-01-06 00:59:59.995,United States,Portland,Oregon,97206,West
96,South,6,90.49405725475908,92.04587471587277,94.26775987787751,95.45679618441926,90.32094677323468,97.34519532437555,92.90516971509089,2019-01-07 00:59:59.995,United States,New York City,New York,10009,East
97,South,6,93.56298957765993,90.66867818070695,98.25901846033776,95.13625369640563,98.00919294897058,91.23173136424144,93.54303262779693,2019-01-08 00:59:59.995,United States,San Francisco,California,94122,West
98,South,6,92.76192441261747,93.74930381245392,96.64169217102172,99.37477258485883,93.63767931499662,99.73924358561754,92.90299934155594,2019-01-09 00:59:59.995,United States,Saint Paul,Minnesota,55106,Central
99,South,6,94.84164037962826,99.86352579379412,96.45540515926366,91.52565749559,99.55663252967102,92.18042881211477,98.66864999207263,2019-01-10 00:59:59.995,United States,Chicago,Illinois,60610,Central
100,South,6,92.75525938630243,90.53261601458343,92.8035769297672,96.83636875864407,96.53273864509123,96.2911276066997,94.54854420137212,2019-01-11 00:59:59.995,United States,Chicago,Illinois,60610,Central
101,South,6,99.62293392256163,99.01947825040149,91.98573895598358,92.03183127125057,94.66632075613795,93.63916759370855,99.7782329457913,2019-01-12 00:59:59.995,United States,Chicago,Illinois,60610,Central
102,South,6,94.22540145232725,92.04219628048978,94.4511530430024,96.55341795338768,91.20905306211928,94.84774428124564,93.23111986294496,2019-01-13 00:59:59.995,United States,Rochester,Minnesota,55901,Central
103,South,6,94.80366663418883,96.014472983203,97.10837350296522,99.43496692479413,93.76917890286298,90.3635281023,94.20063584425145,2019-01-14 00:59:59.995,United States,Aurora,Colorado,80013,West
104,South,6,91.66292373283741,98.605073629866,93.95507138967783,93.88710396280072,95.3661877418269,96.5445437684633,96.15436020770554,2019-01-15 00:59:59.995,United States,Aurora,Colorado,80013,West
105,South,6,90.9199195494611,90.34786476455726,98.04364000334667,96.75942851438047,97.65761527270023,98.29727313415455,94.82283747417407,2019-01-16 00:59:59.995,United States,Aurora,Colorado,80013,West
106,South,6,91.91816668424654,97.13273120924947,91.2768918131563,97.44584681090836,96.49579843762734,97.9917109704023,90.81969516588504,2019-01-17 00:59:59.995,United States,Charlotte,North Carolina,28205,South
107,South,6,93.51945574223103,95.85484868934708,96.29340310854543,93.0229316979108,95.02399556901031,90.8324947498389,91.5510620555115,2019-01-18 01:00:00.000,United States,Charlotte,North Carolina,28205,South
108,South,7,96.4850321593437,90.47833402742056,96.62902560716216,91.7385035595134,98.7384221879104,92.91113277800801,90.22145228993595,2019-01-01 00:59:59.995,United States,Charlotte,North Carolina,28205,South
109,South,7,94.39636368432062,95.91268971973585,91.1492665302988,92.61687589635486,97.26321465533285,92.87401165951427,90.65210132455898,2019-01-02 00:59:59.995,United States,Orland Park,Illinois,60462,Central
110,South,7,99.10555573563681,94.14338889198281,91.75155996269436,95.65462671511834,90.10609586650776,91.77947257125906,98.45877520755629,2019-01-03 00:59:59.995,United States,New York City,New York,10035,East
111,South,7,93.87836764906339,93.02968448309905,99.6395414603472,97.49829153285015,99.70492263930791,92.71861240476545,97.77845093849933,2019-01-04 00:59:59.995,United States,Urbandale,Iowa,50322,Central
112,South,7,90.68833358836439,95.980305724339,92.81047736620867,93.60679730379809,98.84116942489194,95.32048822133265,92.78513855204054,2019-01-05 00:59:59.995,United States,Urbandale,Iowa,50322,Central
113,South,7,99.19768273587366,96.9227330678911,96.43385367144079,98.05481691778618,91.44884878660041,96.95052569849639,98.5077554210216,2019-01-06 00:59:59.995,United States,Columbus,Ohio,43229,East
114,South,7,93.1549872234367,94.75174861817739,96.24046637558773,91.50035057734826,91.24165221813742,95.58311708711292,94.26514818676992,2019-01-07 00:59:59.995,United States,Columbus,Ohio,43229,East
115,South,7,97.5514529857854,96.21113575256258,97.52923309041383,93.48487613387029,98.16234036347016,91.44865930917507,96.6073838553528,2019-01-08 00:59:59.995,United States,Columbus,Ohio,43229,East
116,South,7,96.79124129697279,90.64371441905233,99.26961773789881,97.41910623615736,90.1610467012297,92.36622010057971,99.52650661197507,2019-01-09 00:59:59.995,United States,Columbus,Ohio,43229,East
117,South,7,90.65451538252977,95.32713967725668,90.31843042889372,98.98673422000125,92.46976770687738,98.52568958680152,97.22095244945251,2019-01-10 00:59:59.995,United States,Seattle,Washington,98103,West
118,South,7,95.82097725093622,99.05094974775794,94.24769979802667,96.45810004938858,97.5921190051007,90.16583924944248,90.20327938902803,2019-01-11 00:59:59.995,United States,Bristol,Tennessee,37620,South
119,South,7,97.45167786482135,97.7949433704578,92.7996309581003,97.54182355398052,92.80986668866774,97.2976572010132,90.1803445992654,2019-01-12 00:59:59.995,United States,Wilmington,Delaware,19805,East
120,South,7,94.97546643720067,94.82262822951057,95.9201785187192,97.28799588697886,96.03643434543173,91.94224836104289,96.7989085650432,2019-01-13 00:59:59.995,United States,Wilmington,Delaware,19805,East
121,South-east,7,92.41750047407078,91.10517012683667,99.32744655278032,94.88007027969762,96.80022782408659,92.10326160302672,92.14571020467112,2019-01-14 00:59:59.995,United States,Wilmington,Delaware,19805,East
122,South-east,7,99.06938112247589,92.13428293572356,95.94282986660878,91.54803962373715,90.57312158944728,95.92854361990081,92.46318224259925,2019-01-15 00:59:59.995,United States,Wilmington,Delaware,19805,East
123,South-east,7,99.1901240585932,96.15942441917252,94.53912242974653,98.76480654292564,99.95033427333459,92.28435136703024,90.20544230161295,2019-01-16 00:59:59.995,United States,Wilmington,Delaware,19805,East
124,South-east,7,92.9934443743578,94.37745292691919,96.4971463633306,97.65535043707406,97.21315049193316,91.4351235097071,97.13998124231468,2019-01-17 00:59:59.995,United States,Houston,Texas,77041,Central
125,South-east,7,93.83422903461442,90.25742240120981,90.85235538592768,94.1183103277238,96.41193907480233,99.75539353507139,92.5468855249459,2019-01-18 01:00:00.000,United States,Bloomington,Illinois,61701,Central
126,South-east,8,97.60304221587937,98.72670735383221,91.16814893957911,91.31653605602611,95.40839369552106,92.39815717419899,90.27317004728305,2019-01-01 00:59:59.995,United States,Phoenix,Arizona,85023,West
127,South-east,8,98.32251811290075,96.59454787550517,90.48949238523736,96.47189551521521,98.59259419456869,98.18427442833317,90.99847116037333,2019-01-02 00:59:59.995,United States,Phoenix,Arizona,85023,West
128,South-east,8,99.31093685294557,94.23562962118983,98.83055283876799,90.56292305641554,94.20558504530425,90.66297471387105,93.13658061079825,2019-01-03 00:59:59.995,United States,Los Angeles,California,90004,West
129,South-east,8,98.4561903181623,99.33374155028514,92.42849409242076,92.65110248648281,96.38731625793406,92.59966605101854,94.29260625086361,2019-01-04 00:59:59.995,United States,Los Angeles,California,90004,West
130,South-east,8,99.90149267645826,92.57577173910298,94.60928037747604,99.4840488903516,93.4330266724159,92.46659834424888,98.56687503659728,2019-01-05 00:59:59.995,United States,Columbus,Ohio,43229,East
131,South-east,8,99.00651526634357,98.69187043532392,96.03948748453998,98.23345483584214,94.49857979311052,96.2780120056103,96.64011924649762,2019-01-06 00:59:59.995,United States,Columbus,Ohio,43229,East
132,South-east,8,94.30526934490746,92.06934986964247,93.355700904033,95.59516230807763,98.02752241146801,98.41922098261514,92.25855691050366,2019-01-07 00:59:59.995,United States,Columbus,Ohio,43229,East
133,South-east,8,94.20500988961312,97.9388839964423,94.33145587809557,94.4288180607706,93.3658046558626,92.12990066535585,90.8337955397571,2019-01-08 00:59:59.995,United States,Roseville,California,95661,West
134,South-east,8,94.77661857547302,94.17925469128105,97.83289035340188,96.23691340511112,98.46901486844263,94.7036474026689,91.3079155521229,2019-01-09 00:59:59.995,United States,Roseville,California,95661,West
135,South-east,8,96.05216626984033,95.64034025702381,93.42344253028281,95.72270774826511,97.94516962068235,93.81945772393927,90.50796906756236,2019-01-10 00:59:59.995,United States,Roseville,California,95661,West
136,South-east,8,95.38523786564328,92.43189652305247,98.83349479239847,91.58648810077277,91.72099283541058,97.50120631539026,99.89985015123466,2019-01-11 00:59:59.995,United States,Roseville,California,95661,West
137,South-east,8,92.66480044563133,97.17727961113818,90.1814064454782,99.91814391388968,90.57754150447043,90.78767653675222,98.69031168497634,2019-01-12 00:59:59.995,United States,Roseville,California,95661,West
138,South-east,8,99.20999333273926,98.16452281527819,99.72266951876732,94.4861724444764,99.11617578878472,91.16672579339037,92.31206344149733,2019-01-13 00:59:59.995,United States,Roseville,California,95661,West
139,South-east,8,90.54693652602901,94.46298142109855,94.47846282482917,91.28804865786542,95.76826789836927,96.12286420267843,96.81487955061026,2019-01-14 00:59:59.995,United States,Roseville,California,95661,West
140,South-east,8,98.42081474781556,92.70555710578121,98.4283915696665,93.28895649001706,93.63982835065086,99.37872909948973,96.45569441700158,2019-01-15 00:59:59.995,United States,Philadelphia,Pennsylvania,19140,East
141,South-east,8,91.37565160668255,99.03741402836889,96.08136377566005,95.40938683163256,91.14056537173568,91.94477262189228,91.33723055355527,2019-01-16 00:59:59.995,United States,San Francisco,California,94122,West
142,South-east,8,90.53703918061237,97.61651387428117,98.70422301159122,93.81444941849794,96.40173530153119,90.15238242765548,98.42387881778538,2019-01-17 00:59:59.995,United States,San Francisco,California,94122,West
143,South-east,8,97.093296285662,93.44122148198493,93.84098381248536,94.97949925245628,96.23242733616239,90.18250386060647,93.94329808079065,2019-01-18 01:00:00.000,United States,San Francisco,California,94122,West
144,South-east,9,92.73864419973499,95.50268848160297,98.59140190281802,93.0032706961794,90.130836048047,99.59536565623132,99.53823598736402,2019-01-01 00:59:59.995,United States,Independence,Missouri,64055,Central
145,South-east,9,97.35283231344329,95.22856075448333,91.17241867468681,97.79977141786847,95.98463601897919,91.26914738348789,94.513624089624,2019-01-02 00:59:59.995,United States,Pasadena,California,91104,West
146,South-east,9,90.49304147721965,97.86764520388506,94.16731675377041,98.12201076095457,96.48500698848022,90.26859702550503,92.46257454123358,2019-01-03 00:59:59.995,United States,Newark,Ohio,43055,East
147,South-east,9,92.30471265298152,92.36958246588576,99.802859017959,94.82588526069348,99.07087581364578,98.65288599636777,93.99377945823227,2019-01-04 00:59:59.995,United States,Franklin,Wisconsin,53132,Central
148,South-east,9,96.22326619683656,95.9884648661851,96.86961746394668,95.90185219227392,98.87875606369495,98.0166924475741,92.25396568784801,2019-01-05 00:59:59.995,United States,Franklin,Wisconsin,53132,Central
149,South-east,9,92.80702947144712,91.68526423564812,95.45648502839433,90.99979252405397,93.65726519290249,93.7709094946603,99.64247253821594,2019-01-06 00:59:59.995,United States,Franklin,Wisconsin,53132,Central
150,South-east,9,92.06825660317753,94.25611225877833,96.95404999753389,99.45970619793707,93.72599255387765,97.45312025537359,96.17878577734858,2019-01-07 00:59:59.995,United States,Franklin,Wisconsin,53132,Central
151,South-east,9,97.09483173837859,98.22672509488395,99.27833466425757,91.9388062932725,94.05001954184799,97.02875759529965,96.74430349079941,2019-01-08 00:59:59.995,United States,Scottsdale,Arizona,85254,West
152,South-east,9,96.8547932691438,95.41780472570656,91.82763404562694,93.21152968713692,99.84855881004998,94.62939701093488,90.06116965361598,2019-01-09 00:59:59.995,United States,Scottsdale,Arizona,85254,West
153,South-east,9,94.11976912736921,91.93405441582277,96.9772843635558,95.43505206041488,91.33788631548096,92.74639406345798,91.94523713894354,2019-01-10 00:59:59.995,United States,San Jose,California,95123,West
154,South-east,9,94.22519680230882,95.55988505852697,97.90355337541246,91.8859579927571,91.57047195049098,90.59850869291489,98.95386487720484,2019-01-11 00:59:59.995,United States,San Jose,California,95123,West
155,South-east,9,95.63690467944811,93.51322657245619,97.9544951953305,95.57885530582162,90.29303540407714,94.54274410704019,97.69665947402956,2019-01-12 00:59:59.995,United States,San Jose,California,95123,West
156,South-east,9,92.9986882976341,91.70466355221937,91.8669410488158,97.23442266722628,91.56254046235206,97.15171258427073,91.92390071487507,2019-01-13 00:59:59.995,United States,Seattle,Washington,98105,West
157,South-east,9,95.66966281047597,91.34956573770509,95.45775888212081,98.21776887738329,95.93577945583162,92.12285573289307,99.2906373936911,2019-01-14 00:59:59.995,United States,Seattle,Washington,98115,West
158,South-east,9,94.91030207173577,92.09762228307193,99.30821926139323,94.22743077252011,92.75012376763603,92.89833775907776,95.56299333104693,2019-01-15 00:59:59.995,United States,Edmond,Oklahoma,73034,Central
159,South-east,9,95.52424133686917,97.1765343923223,96.25416142216386,91.2390387713887,96.03056941446428,94.80684663596084,93.32904290057262,2019-01-16 00:59:59.995,United States,Edmond,Oklahoma,73034,Central
160,South-east,9,92.90237293956582,90.06521078554015,93.85373774554753,95.26958011731963,96.10819310387392,90.16227272331297,98.03727296268838,2019-01-17 00:59:59.995,United States,Los Angeles,California,90045,West
161,South-east,9,98.23972870956074,94.79281035709991,96.13372496916809,92.03319026721431,99.94596193959518,92.16303650573593,99.88111875516778,2019-01-18 01:00:00.000,United States,Philadelphia,Pennsylvania,19134,East
162,South-east,10,90.86511603820225,91.99483337575491,99.4834740259736,96.15593027666344,96.38659797097695,99.80229204837886,95.6648751622089,2019-01-01 00:59:59.995,United States,Carlsbad,New Mexico,88220,West
163,South-east,10,99.59857561855276,99.614592966079,95.19324852020041,91.34615308854596,98.33399136968013,99.7232000928399,94.08811854429209,2019-01-02 00:59:59.995,United States,Seattle,Washington,98115,West
164,South-east,10,93.17316656615918,94.82269212188248,92.77995912668669,94.44766728405668,94.49172461485306,94.28012589068284,99.62065514933431,2019-01-03 00:59:59.995,United States,San Antonio,Texas,78207,Central
165,South-east,10,91.04536201091025,98.86637777890817,96.92008844766788,92.5506438102925,97.20831942438558,94.45370749417405,92.73788960870155,2019-01-04 00:59:59.995,United States,San Antonio,Texas,78207,Central
166,South-east,10,97.29473024766524,94.89271587350501,93.5857472885566,92.16615770996324,97.76021260396487,93.04482455817326,98.04878327255781,2019-01-05 00:59:59.995,United States,San Antonio,Texas,78207,Central
167,South-east,10,94.92166806480462,98.58726434081838,97.04254920199926,94.82454098665663,96.3297542458834,90.37462909371742,98.7916598896569,2019-01-06 00:59:59.995,United States,San Antonio,Texas,78207,Central
168,South-east,10,92.31557923207734,96.25732200697196,94.62481770068742,90.33883393811706,90.43928773038617,91.65201874141948,95.5312662848918,2019-01-07 00:59:59.995,United States,San Antonio,Texas,78207,Central
169,South-east,10,98.88047246627994,90.52128680886456,99.50597185121067,94.74390314676198,97.53686453290548,92.18856999099708,92.44216201235064,2019-01-08 00:59:59.995,United States,San Antonio,Texas,78207,Central
170,South-east,10,92.6566804337578,90.58099511318301,93.56678116558398,98.78842114262685,90.75260045503495,95.5062670980753,90.2700440846614,2019-01-09 00:59:59.995,United States,San Antonio,Texas,78207,Central
171,South-east,10,92.13761329366619,94.4034017435102,91.51978045482224,99.33795433833888,97.36079654448028,99.82147804849097,96.01734005597203,2019-01-10 00:59:59.995,United States,Los Angeles,California,90004,West
172,South-east,10,96.0563954614526,91.95897207869481,98.39650521799177,90.87209720742291,93.19539106933762,94.20666602547061,98.82955124169122,2019-01-11 00:59:59.995,United States,Los Angeles,California,90004,West
173,South-east,10,99.27061486786766,99.55141070673159,96.58903782322804,90.82014056711219,98.00478618569713,92.25402067629419,98.93678725698157,2019-01-12 00:59:59.995,United States,Los Angeles,California,90004,West
174,South-east,10,98.25309685187051,93.72512701626408,96.61077825227241,98.59612472162767,98.15821589492604,90.93163994665771,95.29088985267578,2019-01-13 00:59:59.995,United States,Chicago,Illinois,60623,Central
175,South-east,10,98.65868539757335,93.19754941455818,90.48893102405732,91.7734039980165,97.69595271195853,90.15093032129495,94.21212620758321,2019-01-14 00:59:59.995,United States,Chicago,Illinois,60623,Central
176,South-east,10,90.40788145289011,90.90119071073877,94.19881781442113,99.73376875705688,99.35245974901653,92.96307431647857,97.24380662552213,2019-01-15 00:59:59.995,United States,Houston,Texas,77036,Central
177,South-east,10,91.35958298935348,98.10238216343005,97.24318029074993,94.02164692731567,99.78949513343855,93.69352185623055,99.08348678614192,2019-01-16 00:59:59.995,United States,Newark,Ohio,43055,East
178,South-east,10,98.05143940891787,91.96789379662435,97.93628089417915,90.79764909386117,93.74921361937139,90.43965383158793,92.24627323541064,2019-01-17 00:59:59.995,United States,Newark,Ohio,43055,East
179,South-east,10,90.85412574197338,91.05805248219771,93.38696866232137,96.3786594014853,97.75054912857183,97.27537952145761,99.17048289194892,2019-01-18 01:00:00.000,United States,New York City,New York,10009,East
180,South-east,11,94.7364432322596,90.00433330133797,98.42023971410157,99.09823645443876,94.2481961129768,90.73486677535868,95.81037828288058,2019-01-01 00:59:59.995,United States,Decatur,Illinois,62521,Central
181,Central,11,93.60907613725952,94.17056403937305,97.45674710294003,95.29149702979342,97.50018515268526,91.88868429519309,91.38674994236955,2019-01-02 00:59:59.995,United States,Decatur,Illinois,62521,Central
182,Central,11,99.57672943928404,90.69809035006307,99.46049490723466,91.80429397247978,98.54790735629231,98.82869754900642,95.0740057160368,2019-01-03 00:59:59.995,United States,Monroe,Louisiana,71203,South
183,Central,11,92.50724157906797,99.28123968412797,98.7981426753549,99.1199706189963,92.11482372472932,96.31077533074975,93.1908553074555,2019-01-04 00:59:59.995,United States,Monroe,Louisiana,71203,South
184,Central,11,91.9613645478588,98.63779987649728,98.31873687761903,98.07203006109668,90.93619182888969,91.74214665396556,93.78986573176489,2019-01-05 00:59:59.995,United States,Monroe,Louisiana,71203,South
185,Central,11,91.6705172005791,98.12925768708067,92.97414979934494,98.10493890901084,93.01680843356733,96.21591737652692,99.78548464856331,2019-01-06 00:59:59.995,United States,Fairfield,Connecticut,6824,East
186,Central,11,94.81243033624986,93.30421624166996,97.96962220617326,94.14450113425085,98.36442524163782,99.26435623916545,93.99682103457421,2019-01-07 00:59:59.995,United States,Los Angeles,California,90032,West
187,Central,11,99.731531581996,93.79370892853586,97.56241009983134,98.83510644198739,96.21405975930061,92.68632789601344,92.5320137413562,2019-01-08 00:59:59.995,United States,Grand Prairie,Texas,75051,Central
188,Central,11,91.11230111966697,94.46133796744391,96.20872924184138,92.72284904179969,99.38625018791262,96.70404130630796,96.48928122648888,2019-01-09 00:59:59.995,United States,Grand Prairie,Texas,75051,Central
189,Central,11,96.68894686625913,97.69463008341006,99.45687729975143,93.2259077342408,99.26380182890983,97.13100686694736,99.57861645870469,2019-01-10 00:59:59.995,United States,New York City,New York,10035,East
190,Central,11,96.23540113509856,91.03998405002105,94.20447699277645,96.08201624177165,96.90814907482874,93.9221820788407,90.50033565009777,2019-01-11 00:59:59.995,United States,New York City,New York,10035,East
191,Central,11,97.95591327414344,92.46925127166692,99.32311355381314,97.68182709810267,99.12978880993727,96.15537234229667,97.45063370431629,2019-01-12 00:59:59.995,United States,New York City,New York,10035,East
192,Central,11,97.3096010542157,90.771310761515,99.51906994109306,98.50601070843379,98.92291234914822,94.40515349053136,94.80451848338114,2019-01-13 00:59:59.995,United States,New York City,New York,10035,East
193,Central,11,98.8952764126968,97.46834842452556,94.28871876375769,96.4641786471541,93.88834870915616,93.06697099938826,91.03374993593285,2019-01-14 00:59:59.995,United States,New York City,New York,10035,East
194,Central,11,97.61337919829462,98.7242593764498,94.11703627136792,96.60475631112487,92.70196170005855,91.2892874409114,91.99293960140818,2019-01-15 00:59:59.995,United States,Redlands,California,92374,West
195,Central,11,99.19883833015899,99.68916178531309,99.52094518578572,92.71273947852845,96.20225191743555,98.59318553850406,90.46589518902341,2019-01-16 00:59:59.995,United States,Hamilton,Ohio,45011,East
196,Central,11,98.37588664403007,98.6400486164587,92.18950449372016,95.96830487785097,91.03614654460877,90.86827490382915,94.36047993151911,2019-01-17 00:59:59.995,United States,Hamilton,Ohio,45011,East
197,Central,11,98.91023477385016,95.58006003707665,92.53709925245101,98.64543450695982,98.7008968983903,95.74083303826544,94.170364481039,2019-01-18 01:00:00.000,United States,Westfield,New Jersey,7090,East
198,Central,12,98.22465933956781,95.33762421560017,94.75520265922714,92.76304808875956,98.84013121154901,94.90750719770625,93.09879482653747,2019-01-01 00:59:59.995,United States,Philadelphia,Pennsylvania,19120,East
199,Central,12,96.30087695082852,90.84284090520467,91.47450698880564,94.10494401754521,96.69784785768786,97.88382966765491,96.65370191622115,2019-01-02 00:59:59.995,United States,Philadelphia,Pennsylvania,19120,East
200,Central,12,93.96787376702702,97.13452771470871,91.40022832047924,92.42916218280261,91.99218533802376,90.96895502054386,93.64105250742078,2019-01-03 00:59:59.995,United States,Akron,Ohio,44312,East
201,Central,12,96.61868651268396,95.11625278866524,94.97791690817554,91.38547999561939,96.95999036993081,90.92970118213228,99.17848944973501,2019-01-04 00:59:59.995,United States,Denver,Colorado,80219,West
202,Central,12,99.21001741161584,97.34472054111082,96.60417509028832,92.15326769678819,96.82517322145587,90.92001281852525,98.69548139196462,2019-01-05 00:59:59.995,United States,Denver,Colorado,80219,West
203,Central,12,97.84552317547426,97.36844189398947,94.36750356824973,98.62638718536391,97.5509860475976,93.51978483031722,96.79796429914717,2019-01-06 00:59:59.995,United States,Dallas,Texas,75220,Central
204,Central,12,95.7594297614814,95.43937985343852,92.87629648202476,95.05797443746073,98.13069090287625,98.50000790837376,99.09417761588125,2019-01-07 00:59:59.995,United States,Franklin,Tennessee,37064,South
205,Central,12,93.73763746228306,99.40811078672462,99.75607406329824,93.69443618373408,92.08739599226672,90.08606476804269,93.44441397045958,2019-01-08 00:59:59.995,United States,Whittier,California,90604,West
206,Central,12,95.46992460473038,94.14625924899131,91.07544371655187,92.44262431296397,97.63824468644955,93.77647264541689,93.02817113000681,2019-01-09 00:59:59.995,United States,Saginaw,Michigan,48601,Central
207,Central,12,92.93999893223656,98.09931818805347,91.33402445570933,93.90568569067153,95.12685132134982,98.79504480085676,99.3691368394762,2019-01-10 00:59:59.995,United States,Saginaw,Michigan,48601,Central
208,Central,12,98.9820739885521,90.39476969627796,96.9122721957988,90.39380989558926,95.3332645057347,94.95274252349026,93.0840824955795,2019-01-11 00:59:59.995,United States,Saginaw,Michigan,48601,Central
209,Central,12,91.46021056688646,91.19539248278238,90.74627096587966,95.36658024251706,97.1461387163636,98.95563169616779,91.52528699885639,2019-01-12 00:59:59.995,United States,Saginaw,Michigan,48601,Central
210,Central,12,94.23265509109808,97.27412477762412,98.32088232741773,94.90927344056368,96.09811346612561,97.96756788663286,97.67276242229525,2019-01-13 00:59:59.995,United States,Saginaw,Michigan,48601,Central
211,Central,12,98.68672262287778,99.75737018528598,93.41789020160476,94.91734931698764,95.64355492888139,93.13246862120582,97.59323662741545,2019-01-14 00:59:59.995,United States,Dallas,Texas,75220,Central
212,Central,12,91.84600273973113,95.49653020380543,96.07807016166205,99.1548416689288,95.78095283391582,94.89633777887414,95.43534096307987,2019-01-15 00:59:59.995,United States,Medina,Ohio,44256,East
213,Central,12,93.24649086628801,99.76819413654273,91.33105049778555,94.12862485489602,96.30741394087023,95.94855749892714,92.97645599761951,2019-01-16 00:59:59.995,United States,Medina,Ohio,44256,East
214,Central,12,91.70424833502796,99.07058379729995,97.65637181882775,98.70732778119476,92.40634391341695,95.29504125184701,96.52457080594245,2019-01-17 00:59:59.995,United States,Medina,Ohio,44256,East
215,Central,12,90.83865691008366,96.1750765963746,90.02437060230841,92.08305638546166,92.27219754517519,94.44572087542741,91.02994825106256,2019-01-18 01:00:00.000,United States,Medina,Ohio,44256,East
216,Central,13,95.94062212759437,99.26196238290531,92.25475946438476,97.53019401192502,90.09191352005705,98.95892492585246,94.84705640628857,2019-01-01 00:59:59.995,United States,Medina,Ohio,44256,East
217,Central,13,92.86070666532144,94.38602584749393,96.05484516594504,93.15251074978353,91.00834388116888,90.91003272337721,95.28664285571774,2019-01-02 00:59:59.995,United States,Los Angeles,California,90032,West
218,Central,13,90.29090350240538,96.66943180715118,93.56392828517944,97.77027907951913,95.93489200808762,94.61082721270793,91.73557816255763,2019-01-03 00:59:59.995,United States,Los Angeles,California,90032,West
219,Central,13,97.84517436642739,92.04848926799653,94.43608680030218,98.67568606511168,90.64254112559783,99.45814789987811,98.99360390338144,2019-01-04 00:59:59.995,United States,Dublin,Ohio,43017,East
220,Central,13,98.17685155477926,94.39846908168379,92.82527209855886,98.39543873674175,94.11045605233824,91.715632477695,98.46416298084343,2019-01-05 00:59:59.995,United States,Dublin,Ohio,43017,East
221,Central,13,95.98424517128771,97.98496786577935,90.51752713185142,94.55955971100026,93.61900874716918,92.93132373526305,91.00526234691893,2019-01-06 00:59:59.995,United States,Dublin,Ohio,43017,East
222,Central,13,93.22988612588105,93.02443961916087,97.36625950768882,92.14812313820805,91.7668711883586,99.76398573272594,96.60120009337089,2019-01-07 00:59:59.995,United States,Dublin,Ohio,43017,East
223,Central,13,92.67388226255692,93.82045634398392,95.05463848967631,93.5513981431507,90.85276175010922,92.30343170626695,97.41375243559739,2019-01-08 00:59:59.995,United States,Dublin,Ohio,43017,East
224,Central,13,98.32723906637062,99.3439293409585,91.1331562778943,94.08721795122476,98.65842657257812,92.03761132854619,94.73871674333805,2019-01-09 00:59:59.995,United States,Dublin,Ohio,43017,East
225,Central,13,97.49597914567501,98.93228137092025,96.2437855363754,92.39745816028285,93.52274349127313,90.73018506237572,99.78106243067246,2019-01-10 00:59:59.995,United States,Detroit,Michigan,48227,Central
226,Central,13,92.2963987303252,92.37154642788806,97.75196988420605,94.65213258530382,93.87250802852013,95.88921699185414,91.26760784896692,2019-01-11 00:59:59.995,United States,Detroit,Michigan,48227,Central
227,Central,13,93.81954945762281,93.97201169551326,96.64050065996464,93.85614344503057,98.47972863116777,91.87177166385561,91.49775204754549,2019-01-12 00:59:59.995,United States,Detroit,Michigan,48227,Central
228,Central,13,97.70514465959226,90.73889643088461,96.78829629168753,93.22606882548686,98.95965227327696,95.97344463795243,96.72193799013232,2019-01-13 00:59:59.995,United States,Columbia,Tennessee,38401,South
229,Central,13,94.30102326933252,99.08973842595982,92.54222521982535,99.66584819655183,94.59972323798895,95.05394013253468,92.25157130515281,2019-01-14 00:59:59.995,United States,Columbia,Tennessee,38401,South
230,Central,13,95.11659567528285,98.32736636852499,97.88452632038084,99.07275393242563,92.29047722946635,99.33660922183489,97.19386739208144,2019-01-15 00:59:59.995,United States,Charlotte,North Carolina,28205,South
231,Central,13,94.91225006367615,90.06363066170086,94.8884159505094,97.96156036365315,90.4427566840379,92.3853704018462,97.97034142226241,2019-01-16 00:59:59.995,United States,Tampa,Florida,33614,South
232,Central,13,95.62946187918386,99.08485916007918,94.1795399031541,97.84950777424545,99.40279745863089,93.0715715982567,99.68936705297499,2019-01-17 00:59:59.995,United States,Tampa,Florida,33614,South
233,Central,13,92.16285070547315,98.99080729383198,90.33708678119888,91.77635758724442,94.83726357343342,93.40622271948136,96.77371363120359,2019-01-18 01:00:00.000,United States,Tampa,Florida,33614,South
234,Central,14,97.24288674700797,90.90802592258716,94.59131444243653,91.8056780318453,90.82017767092206,97.86711015299197,92.36434223425644,2019-01-01 00:59:59.995,United States,Tampa,Florida,33614,South
235,Central,14,94.83619567261692,90.74241629913134,92.01734330106657,91.19982862490667,99.9991790180453,97.27704006047603,99.92852390981862,2019-01-02 00:59:59.995,United States,Tampa,Florida,33614,South
236,Central,14,92.75674084705699,98.29507948855027,98.9017825001219,92.6709173920123,97.42475083217624,95.97261488051056,95.4648629436234,2019-01-03 00:59:59.995,United States,Santa Clara,California,95051,West
237,Central,14,98.71710639642649,95.68824805309889,95.70967157688297,97.05243747383555,98.51852601779933,90.40781159623663,92.42445917160396,2019-01-04 00:59:59.995,United States,Chicago,Illinois,60610,Central
238,Central,14,95.3514755448625,98.138486566112,96.89649045178004,93.89994438020642,90.2866626811282,93.12817739899849,92.3918874138083,2019-01-05 00:59:59.995,United States,Chicago,Illinois,60610,Central
239,Central,14,98.41561161773053,99.87002843156671,97.69728537810539,95.57825431779274,91.48577141480165,92.14171660172839,96.53110752449713,2019-01-06 00:59:59.995,United States,Chicago,Illinois,60610,Central
240,Central,14,94.02444509524997,92.41058677638598,96.88160956404234,90.85476513966628,92.65719531225534,92.82929224139549,98.38558206513432,2019-01-07 00:59:59.995,United States,Chicago,Illinois,60610,Central
241,West,14,93.92705275003169,91.02149847800051,96.88653150202771,92.34356542618032,98.92598928517087,95.76967805485125,97.93818867768985,2019-01-08 00:59:59.995,United States,Chicago,Illinois,60610,Central
242,West,14,93.08671920930968,91.54122141198319,95.06453446432639,99.97696732375293,90.48579956797535,96.79043010718995,99.24713256194075,2019-01-09 00:59:59.995,United States,Chicago,Illinois,60610,Central
243,West,14,97.83644412641554,91.14148274134777,93.36690301172209,99.11308121351362,98.45475444972519,99.44940868240238,94.94031678170944,2019-01-10 00:59:59.995,United States,Chicago,Illinois,60610,Central
244,West,14,99.63353023366153,97.55987066840521,91.56212769948775,93.4890541761808,90.751155106029,93.64662971592192,95.301328567582,2019-01-11 00:59:59.995,United States,Lakeville,Minnesota,55044,Central
245,West,14,96.31862584912109,96.22470750128065,92.51376729671821,96.16699260132633,94.81920762557574,99.22024351429374,90.24378717382139,2019-01-12 00:59:59.995,United States,Lakeville,Minnesota,55044,Central
246,West,14,95.69060839508926,91.49009480446566,98.82831607922256,97.35388432912356,95.66469767134741,94.15831106423516,98.76318819667861,2019-01-13 00:59:59.995,United States,Lakeville,Minnesota,55044,Central
247,West,14,94.91545666938171,94.74415946241325,97.25545721486894,97.66890073653944,90.2845479618697,93.5177235207756,90.28741190701702,2019-01-14 00:59:59.995,United States,Lakeville,Minnesota,55044,Central
248,West,14,97.88856091120427,93.29144156238658,93.39222398310997,99.81599093424056,91.19102213432971,92.98286818212114,98.67367377374404,2019-01-15 00:59:59.995,United States,Lakeville,Minnesota,55044,Central
249,West,14,96.59705612724782,92.0434611094336,90.32657825862645,96.49129924236743,92.68461791475853,95.33631713210461,98.97030285998757,2019-01-16 00:59:59.995,United States,San Francisco,California,94109,West
250,West,14,90.1090385220531,98.13711920083523,99.3643461179166,94.17029789906724,92.04214286116213,99.28005507975169,98.47561447189392,2019-01-17 00:59:59.995,United States,San Diego,California,92037,West
251,West,14,91.67967037994673,97.61534805468871,95.73753601448419,97.32060105848915,95.29598759638947,97.54104719630953,94.01593250608765,2019-01-18 01:00:00.000,United States,San Diego,California,92037,West
252,West,15,95.8457754571674,94.31172709176782,94.58269766638814,96.91287629911481,93.68548274665886,98.30911362623044,97.47185622877095,2019-01-01 00:59:59.995,United States,New York City,New York,10024,East
253,West,15,96.95354580420704,92.23139729544147,95.74963415629861,97.72609800650338,96.80762427166145,95.06855084956653,95.73844862208112,2019-01-02 00:59:59.995,United States,New York City,New York,10024,East
254,West,15,98.31665766397512,97.11797949284633,90.01979862513492,99.83476855229377,93.35022188723266,90.34452949798565,90.61952605696315,2019-01-03 00:59:59.995,United States,Chicago,Illinois,60623,Central
255,West,15,94.13223795434901,92.2947982618532,97.06658643319932,94.18967974782885,98.67613396531362,97.60924006761378,91.26509145648821,2019-01-04 00:59:59.995,United States,Chicago,Illinois,60623,Central
256,West,15,99.91743709212471,91.68059957910475,94.62081809318795,96.46104519523257,97.19790390349259,98.56825398512878,95.07184178379497,2019-01-05 00:59:59.995,United States,Chicago,Illinois,60623,Central
257,West,15,97.27956695827686,90.84846968494425,90.95542169264878,92.5704194031033,93.10215877447145,93.05810949932794,97.7499194495197,2019-01-06 00:59:59.995,United States,Chicago,Illinois,60623,Central
258,West,15,98.6949342158854,93.14157042038191,94.34479169375192,92.79667842283189,93.62838851264003,93.60638090333133,94.12877555667232,2019-01-07 00:59:59.995,United States,New York City,New York,10009,East
259,West,15,91.28392294403118,96.25223144280393,94.8856734367415,91.07406884330173,96.81865951998218,92.97176402610204,97.8942001131625,2019-01-08 00:59:59.995,United States,New York City,New York,10009,East
260,West,15,97.4583694423962,97.52960834786313,98.47176154677925,95.53865204106272,92.917835974094,90.6676150705017,96.43531012507317,2019-01-09 00:59:59.995,United States,New York City,New York,10009,East
261,West,15,97.56684243264672,91.5130502648769,94.8489149660644,98.30915515224991,96.28275423616549,99.35553729959352,92.45655523206656,2019-01-10 00:59:59.995,United States,Pasadena,Texas,77506,Central
262,West,15,96.05493572396938,95.553802009612,91.62280658985233,96.60096330666046,99.20932077350844,91.52869269356766,92.0244506820869,2019-01-11 00:59:59.995,United States,Houston,Texas,77036,Central
263,West,15,97.03922640602467,96.020172784382,98.15175256254645,99.52625817053355,98.45813292895129,98.02056879367008,97.43536205138354,2019-01-12 00:59:59.995,United States,Houston,Texas,77036,Central
264,West,15,95.82114012117918,97.42991439551862,96.59849769690777,96.49969114198333,92.20331462529889,99.95364420728494,96.96823941690529,2019-01-13 00:59:59.995,United States,Chicago,Illinois,60610,Central
265,West,15,92.11328412396075,90.11315437545107,95.79502691939041,91.59685105545479,92.25885658055562,98.54169143897505,94.66526579544417,2019-01-14 00:59:59.995,United States,Brentwood,California,94513,West
266,West,15,92.0780280537589,92.57859471486067,96.15866421354785,96.71372663466065,97.77491338007763,92.65097463694087,97.3190706356675,2019-01-15 00:59:59.995,United States,Chapel Hill,North Carolina,27514,South
267,West,15,95.32573832292587,96.75749420516293,98.7092433898463,92.10081920438687,94.59676373459767,96.42153821340086,96.73652404481997,2019-01-16 00:59:59.995,United States,Morristown,New Jersey,7960,East
268,West,15,97.72947689357795,97.90334563333413,99.4406719110243,94.1551967963263,97.55593520528437,93.63844310350946,93.90153655729382,2019-01-17 00:59:59.995,United States,Cincinnati,Ohio,45231,East
269,West,15,92.04433125530657,92.80659189104969,93.23905412858875,96.4715739784254,92.33392074502663,99.24827580479837,90.00300979950312,2019-01-18 01:00:00.000,United States,Cincinnati,Ohio,45231,East
270,West,16,96.83882027734381,99.65309612023478,96.48737661952228,93.26209341288148,92.10997965744727,99.74757832121453,91.03112116188346,2019-01-01 00:59:59.995,United States,San Francisco,California,94110,West
271,West,16,98.19230424900478,91.59229379505766,94.84741306763874,98.58888421662621,97.4015501098727,97.30082689847181,93.0476438619826,2019-01-02 00:59:59.995,United States,San Francisco,California,94109,West
272,West,16,93.54333488247562,99.00046756917148,98.56521960238489,98.39117898975009,94.2492680700943,90.99531579103389,92.19167139833345,2019-01-03 00:59:59.995,United States,San Francisco,California,94109,West
273,West,16,98.61169699755622,96.69118874069748,97.24069840988943,96.20478768492261,96.58564728751038,99.36263662135306,97.54558798606863,2019-01-04 00:59:59.995,United States,San Francisco,California,94109,West
274,West,16,94.80612420751213,90.08476389617589,96.42929968437753,92.20750938295132,93.94141073109252,90.78707077278314,91.61125792760696,2019-01-05 00:59:59.995,United States,Inglewood,California,90301,West
275,West,16,92.73553575621565,97.17697749671797,96.45132152065965,91.0876414853277,92.76522581233078,93.17902336291769,92.70179057773598,2019-01-06 00:59:59.995,United States,Inglewood,California,90301,West
276,West,16,99.35846477038302,96.74138068439954,97.47658110506995,94.77153669324586,95.31153567258178,99.6714833654845,97.25568355107369,2019-01-07 00:59:59.995,United States,Philadelphia,Pennsylvania,19140,East
277,West,16,99.55028413231682,97.3441364653229,98.81294550138702,97.81438589388992,92.28755275493536,95.87380143751794,92.57771048558246,2019-01-08 00:59:59.995,United States,Philadelphia,Pennsylvania,19140,East
278,West,16,96.23276653006376,91.78631286097522,93.95661259468682,93.36015611408855,92.87324227157751,91.39534547071251,96.95445453496191,2019-01-09 00:59:59.995,United States,Philadelphia,Pennsylvania,19140,East
279,West,16,90.7840561691175,90.98330774102624,91.19804847988593,98.688107982721,91.50733710881859,92.6599681878632,96.2701167470177,2019-01-10 00:59:59.995,United States,Philadelphia,Pennsylvania,19140,East
280,West,16,92.72772450302959,94.92010785689364,91.88759727695123,98.73556718612032,93.17731870983025,98.03451217605613,93.53673293590964,2019-01-11 00:59:59.995,United States,Houston,Texas,77070,Central
281,West,16,98.01336036391307,90.29603080390294,95.05144455365654,98.39677901681468,91.13162850683742,90.62879958850318,90.08898134645618,2019-01-12 00:59:59.995,United States,Houston,Texas,77070,Central
282,West,16,99.91043591571946,95.64544034283391,97.61565378573208,93.32602565478045,94.54220035150152,90.82801157669533,95.82019173467778,2019-01-13 00:59:59.995,United States,Los Angeles,California,90004,West
283,West,16,99.96154568550358,96.47869456150079,96.66484545667835,91.28719069137827,98.0071134397782,94.78097098002578,98.3891358872354,2019-01-14 00:59:59.995,United States,Portland,Oregon,97206,West
284,West,16,97.65082754073586,99.52277822581358,90.62132978478336,95.90138296592498,92.74303857532139,91.73400203907465,98.24437930043122,2019-01-15 00:59:59.995,United States,Portland,Oregon,97206,West
285,West,16,95.44897486761046,93.43035127399888,98.9431508663738,91.48035994849826,99.80494712998834,93.8768992705979,92.60124300708307,2019-01-16 00:59:59.995,United States,Portland,Oregon,97206,West
286,West,16,98.1259783233005,90.8510241892311,99.81623444055516,96.8226372504918,90.83785307867106,98.74888816704254,94.32271393235811,2019-01-17 00:59:59.995,United States,Tamarac,Florida,33319,South
287,West,16,98.90688495761947,94.36154296964267,91.6361130301361,97.21712212998546,95.38131028126631,94.08366135965332,97.24000786003202,2019-01-18 01:00:00.000,United States,Tamarac,Florida,33319,South
288,West,17,96.80616384134363,97.6992064984376,98.052968169125,99.33796074213853,91.93725705398523,96.068685265473,90.2855453746147,2019-01-01 00:59:59.995,United States,Tamarac,Florida,33319,South
289,West,17,99.42780858276531,98.27512581147222,90.19329243014,94.95425289359163,99.91561109388773,99.78905380003606,99.2365473632612,2019-01-02 00:59:59.995,United States,Columbus,Ohio,43229,East
290,West,17,91.185424988205,96.42842211362937,90.48050944944502,96.64598123553533,91.96287707927479,99.3574622332516,98.51881405438982,2019-01-03 00:59:59.995,United States,Columbus,Ohio,43229,East
291,West,17,90.97652922479435,91.7140171808844,99.46806949155675,93.95536903228735,99.34255417896253,96.49373346161758,98.33259292592984,2019-01-04 00:59:59.995,United States,Columbus,Ohio,43229,East
292,West,17,93.07711610389259,94.1146870675644,99.72391225879738,92.89337229424876,93.51993166383642,99.37854522020405,93.20276096994644,2019-01-05 00:59:59.995,United States,Columbus,Ohio,43229,East
293,West,17,93.57593147616939,98.93125875499638,94.44761858213252,92.45055347804102,94.78806206552976,97.36048068385402,97.46988847433515,2019-01-06 00:59:59.995,United States,Colorado Springs,Colorado,80906,West
294,West,17,97.19877680366372,93.62340063859402,99.74909840790397,97.41980408471412,91.77843290006977,92.33990317112435,97.72942981199444,2019-01-07 00:59:59.995,United States,Colorado Springs,Colorado,80906,West
295,West,17,99.65008370874813,98.171156712941,92.227836470225,93.4390144939703,96.09099567438734,90.40567940719981,96.95529013526489,2019-01-08 00:59:59.995,United States,Colorado Springs,Colorado,80906,West
296,West,17,95.99433510335933,93.96366671903914,94.7162895504259,99.01553159600982,90.38369622221329,99.09513298488403,95.96508692172073,2019-01-09 00:59:59.995,United States,Colorado Springs,Colorado,80906,West
297,West,17,91.74507879220668,98.05526961635476,93.9170758895385,92.00803443649458,92.49081202871179,97.96026118903939,96.56373701803804,2019-01-10 00:59:59.995,United States,Colorado Springs,Colorado,80906,West
298,West,17,91.260130604599,90.77937752254326,97.2937008430829,93.61943220189033,94.07349413900573,97.63218087960905,95.90646671227952,2019-01-11 00:59:59.995,United States,Belleville,New Jersey,7109,East
299,West,17,98.79738907212754,95.59354440334911,98.92029932637855,98.41165549318978,96.34922470766789,95.00756212374252,97.98931112944561,2019-01-12 00:59:59.995,United States,Belleville,New Jersey,7109,East
300,West,17,98.26220827859679,95.61062794976647,96.88580686760588,92.71582688384058,94.53066128901577,98.45822341187971,99.78500921249642,2019-01-13 00:59:59.995,United States,Belleville,New Jersey,7109,East
301,South-west,17,98.97621562431641,90.55341887343407,90.07509941751388,90.05278139313641,90.87278400947422,92.89279915844814,97.11363253253573,2019-01-14 00:59:59.995,United States,Belleville,New Jersey,7109,East
302,South-west,17,91.51849070015365,91.62162681899812,94.08988828346602,98.48387045966426,96.66437563814513,99.76147247002275,99.87193744831404,2019-01-15 00:59:59.995,United States,Belleville,New Jersey,7109,East
303,South-west,17,94.56601334936951,93.28919664514673,90.70077084032839,99.1195401687888,94.54650694699149,90.17930975881383,96.99751057018891,2019-01-16 00:59:59.995,United States,Chicago,Illinois,60623,Central
304,South-west,17,90.520465108614,94.23976591148056,95.73823818860738,95.95763605737915,97.2476308949244,94.26157598821155,97.97894275575955,2019-01-17 00:59:59.995,United States,New York City,New York,10024,East
305,South-west,17,91.12247382694005,90.16850451859983,97.61764513757666,93.36683717348892,94.88280015591977,99.76838603915701,98.01753628287548,2019-01-18 01:00:00.000,United States,Taylor,Michigan,48180,Central
306,South-west,18,95.1111140256333,99.28913005162748,93.07906203592239,94.40385307461752,96.55436288326682,92.82266160527712,99.84867595086749,2019-01-01 00:59:59.995,United States,Lakewood,New Jersey,8701,East
307,South-west,18,99.18893442321767,93.86712435988542,95.20338905330495,91.84320432630048,92.75971105089032,99.86670931714409,96.35649220242064,2019-01-02 00:59:59.995,United States,Lakewood,New Jersey,8701,East
308,South-west,18,92.9953941630759,94.14877138283036,94.51207754845407,99.64026601919943,99.250120277108,91.49995861206324,93.60820737954042,2019-01-03 00:59:59.995,United States,Arlington,Virginia,22204,South
309,South-west,18,93.5211834871281,96.72254625440736,92.07315988465496,91.69112777902184,97.73863596033516,90.79228484779328,99.54972314037717,2019-01-04 00:59:59.995,United States,Arvada,Colorado,80004,West
310,South-west,18,97.83094107285693,92.93359151559193,93.4123097791305,96.68284416530459,97.4998130368436,98.87877006995484,91.45500928823377,2019-01-05 00:59:59.995,United States,Arvada,Colorado,80004,West
311,South-west,18,98.519965794375,91.80126112815434,98.30381766884614,99.47088191582635,92.23033648694714,91.89668371425687,93.85720202389224,2019-01-06 00:59:59.995,United States,Arvada,Colorado,80004,West
312,South-west,18,92.41901252865291,92.38160041768188,97.71361495203395,95.82244102471115,97.71497312622942,98.62627189643158,98.95227202189488,2019-01-07 00:59:59.995,United States,Arvada,Colorado,80004,West
313,South-west,18,97.48090848441419,92.70962995548543,92.91425059160146,95.33782802775885,95.42494245770281,93.96367706935159,95.40389114750468,2019-01-08 00:59:59.995,United States,Hackensack,New Jersey,7601,East
314,South-west,18,91.05585810081621,90.44232950766485,94.92945747915061,97.04884415549833,94.96895911709143,93.5117330709151,98.65859453862195,2019-01-09 00:59:59.995,United States,Saint Petersburg,Florida,33710,South
315,South-west,18,97.25704200933292,91.6329198842379,93.72945314714327,95.0887192554312,96.65043652361425,93.10043449168921,91.0042508671889,2019-01-10 00:59:59.995,United States,Saint Petersburg,Florida,33710,South
316,South-west,18,98.11508428695953,92.37590014951255,95.37906457631989,96.01045377128604,96.89596989175399,98.2473849149475,91.61648511858954,2019-01-11 00:59:59.995,United States,Philadelphia,Pennsylvania,19143,East
317,South-west,18,97.83826938887474,98.47297473400434,91.71590040292644,91.8978487956186,91.66274622314376,96.53378171109313,97.89362816214857,2019-01-12 00:59:59.995,United States,New York City,New York,10024,East
318,South-west,18,94.93856280225113,92.7825170320507,92.296477805047,99.92406739771323,93.51396759477667,91.88846599233362,92.9756039752847,2019-01-13 00:59:59.995,United States,New York City,New York,10024,East
319,South-west,18,96.98402939800935,90.29973347576703,92.47836616481757,99.86889827051219,97.2315097550129,90.37238097080753,92.71831639390888,2019-01-14 00:59:59.995,United States,New York City,New York,10024,East
320,South-west,18,97.20572087434793,94.42913096957466,91.80689111808361,92.7532298781962,91.10818412559672,99.80860421956916,90.32612092538741,2019-01-15 00:59:59.995,United States,New York City,New York,10024,East
321,South-west,18,95.828487427982,94.11108060703735,92.2920330788838,92.22717438662885,93.22928249196528,95.30223959692987,99.7978736667121,2019-01-16 00:59:59.995,United States,New York City,New York,10024,East
322,South-west,18,96.99140141191431,98.28232764644618,91.20211254928726,91.55967006306872,95.26333907475646,95.07829690539103,92.39401051335201,2019-01-17 00:59:59.995,United States,Long Beach,California,90805,West
323,South-west,18,93.43794857328456,93.11581077806866,90.3067983210007,91.9793891625275,94.60539337164168,98.43665459031715,93.26816891057933,2019-01-18 01:00:00.000,United States,Hesperia,California,92345,West
324,South-west,19,94.71562985256271,96.82989271167249,95.30607803861687,97.90602308666834,94.2254745919746,96.94618061067092,97.436899778363,2019-01-01 00:59:59.995,United States,Hesperia,California,92345,West
325,South-west,19,93.31183539008404,99.3553980637528,94.93255721042647,92.55296146159168,92.47528055012985,93.70307804448018,90.28741021560695,2019-01-02 00:59:59.995,United States,Murfreesboro,Tennessee,37130,South
326,South-west,19,97.2359053496194,98.03985044691925,97.61786824457693,98.43854603552491,95.29522745514457,96.72991928985533,97.13716779930958,2019-01-03 00:59:59.995,United States,Philadelphia,Pennsylvania,19143,East
327,South-west,19,96.93069380790651,97.13921520569068,95.10773302784443,97.93027500315988,96.22700092285855,91.32260787978157,99.5923264958548,2019-01-04 00:59:59.995,United States,Philadelphia,Pennsylvania,19143,East
328,South-west,19,93.00826025030338,98.01621443807635,94.37638756999438,93.72804935630187,99.89719869217711,91.30407237361942,90.2342365996391,2019-01-05 00:59:59.995,United States,Philadelphia,Pennsylvania,19143,East
329,South-west,19,90.73501003109506,91.86813155747684,93.57598245324019,92.05875534364824,91.05130142354794,90.44112159538632,92.3823901926193,2019-01-06 00:59:59.995,United States,Philadelphia,Pennsylvania,19143,East
330,South-west,19,97.07889457741372,91.19778221926765,94.03116692760356,94.42512744357302,94.0673559530254,94.1913912822717,96.14410183239029,2019-01-07 00:59:59.995,United States,Philadelphia,Pennsylvania,19143,East
331,South-west,19,97.97951506486721,93.13919186976874,99.98975598805323,93.02636396636743,95.33934175355012,92.85673605055386,92.18943600187521,2019-01-08 00:59:59.995,United States,Philadelphia,Pennsylvania,19134,East
332,South-west,19,94.54873448597365,97.67690128490999,99.36724166440314,91.3316538246018,97.64592845674645,95.94628999217072,94.26405867967614,2019-01-09 00:59:59.995,United States,Philadelphia,Pennsylvania,19134,East
333,South-west,19,92.20223083792114,93.36217108630409,96.26130250246678,96.99001889421618,93.01534508436399,95.86827901090922,94.00240175296757,2019-01-10 00:59:59.995,United States,Philadelphia,Pennsylvania,19134,East
334,South-west,19,97.95977283650824,98.20724091521498,96.0451741218877,90.42172186839392,98.18791687529517,96.0986894151796,92.32975608174735,2019-01-11 00:59:59.995,United States,Los Angeles,California,90045,West
335,South-west,19,93.25053973276971,94.25624283000778,91.36351653804158,94.42703943402866,92.3911964295382,93.99338195711093,93.59531128284871,2019-01-12 00:59:59.995,United States,Los Angeles,California,90045,West
336,South-west,19,97.03103906964283,93.51359733436185,97.65841337882539,96.991881837551,99.82979993399866,91.85408034022277,97.81775436499127,2019-01-13 00:59:59.995,United States,Los Angeles,California,90045,West
337,South-west,19,96.13917306069278,97.68135304455996,98.98607092572868,94.83680914545153,98.61839842930542,98.10607778632219,95.561335137574,2019-01-14 00:59:59.995,United States,San Francisco,California,94122,West
338,South-west,19,92.41662425047032,97.52402941600303,96.59342703920599,91.91478441482616,96.0888045789529,95.4087723248481,95.46648952487509,2019-01-15 00:59:59.995,United States,San Francisco,California,94122,West
339,South-west,19,98.89531172034722,91.30414735280982,91.9799167356063,98.81139713321494,99.8099887255049,98.07280102139515,94.77748612263115,2019-01-16 00:59:59.995,United States,Layton,Utah,84041,West
340,South-west,19,93.0030655179876,91.14702161758923,97.74504479922301,96.41810896869931,90.61105046429827,91.30817441501657,90.6334212095278,2019-01-17 00:59:59.995,United States,Philadelphia,Pennsylvania,19140,East
341,South-west,19,95.19998166018131,98.57941981987453,91.36438804600763,92.04472297544149,92.48581558334055,93.6720590568436,92.3114688678871,2019-01-18 01:00:00.000,United States,Philadelphia,Pennsylvania,19140,East
342,South-west,20,93.51275822607623,91.13829337807846,95.3330348477898,98.84763199735825,97.60283212798002,91.5245980690307,99.34487355860874,2019-01-01 00:59:59.995,United States,Philadelphia,Pennsylvania,19140,East
343,South-west,20,94.89769574555629,94.45419104276273,94.77525647606016,95.77967573339012,96.08372059090611,99.31617103659723,94.6852674311147,2019-01-02 00:59:59.995,United States,Philadelphia,Pennsylvania,19140,East
344,South-west,20,92.182142812197,97.11797559657032,96.70119877437646,99.20946686111247,96.14173956707802,90.02425131137997,97.07482593440159,2019-01-03 00:59:59.995,United States,Austin,Texas,78745,Central
345,South-west,20,91.66771641693623,92.25306422943828,91.56200524403593,98.88965728412875,92.84319440674864,95.03909925403069,99.29178243912479,2019-01-04 00:59:59.995,United States,San Francisco,California,94122,West
346,South-west,20,90.87911249858519,90.92747198461275,96.37318615585974,95.11821082144657,91.18532752838696,92.82026982177128,99.5849850577107,2019-01-05 00:59:59.995,United States,Lowell,Massachusetts,1852,East
347,South-west,20,96.1809137961577,92.73371896753147,90.09277669890893,99.10296584522048,98.00295345568455,98.665880930136,99.50636467383396,2019-01-06 00:59:59.995,United States,Lowell,Massachusetts,1852,East
348,South-west,20,95.17967212047026,98.0757396876773,95.771164751233,94.62924810985412,92.59664900282019,95.64320907940971,92.5296275164574,2019-01-07 00:59:59.995,United States,Lowell,Massachusetts,1852,East
349,South-west,20,97.99396011850503,93.86321981305014,97.45112144288049,99.64829951800857,90.93182706615332,92.94353349297468,91.08707312122269,2019-01-08 00:59:59.995,United States,New York City,New York,10009,East
350,South-west,20,93.80518521483421,93.68296801282565,91.22663278343161,99.61851932328793,92.56323328034718,95.19916532069934,95.20260434225995,2019-01-09 00:59:59.995,United States,New York City,New York,10009,East
351,South-west,20,98.91087078511951,91.89701982572107,92.13030414040583,92.92999984189497,97.35727704201632,91.38619996777842,93.51728971473328,2019-01-10 00:59:59.995,United States,New York City,New York,10009,East
352,South-west,20,97.31954503393501,94.52315152831463,92.87018488855882,92.53257393078543,91.04615079028707,94.57283280919998,90.45269548502552,2019-01-11 00:59:59.995,United States,New York City,New York,10009,East
353,South-west,20,96.3450630577757,90.00552102543571,90.52247276334623,97.4609397669952,90.76838897772777,96.19717904598478,93.29440819669952,2019-01-12 00:59:59.995,United States,New York City,New York,10009,East
354,South-west,20,98.86729652350378,95.26728493652689,93.9891406663795,96.9929656844068,90.60776845625008,97.13035286539267,96.07015245376498,2019-01-13 00:59:59.995,United States,New York City,New York,10035,East
355,South-west,20,96.39655470544756,92.14079132255009,95.25380983469452,95.66807308304828,96.06949751763737,98.50977257924123,92.26992930763606,2019-01-14 00:59:59.995,United States,New York City,New York,10035,East
356,South-west,20,96.53489320868,93.51064172365265,99.14746884360537,97.69513472460186,95.62117034253404,91.82399211875445,98.36657708484164,2019-01-15 00:59:59.995,United States,New York City,New York,10035,East
357,South-west,20,93.25988853333959,92.57507007233013,90.09592435860785,91.3235957159407,95.98186715962404,93.56350886841136,91.9470519487078,2019-01-16 00:59:59.995,United States,New York City,New York,10035,East
358,South-west,20,98.84375866171001,97.95746572642344,96.71501548598731,94.41478385059638,91.17488098946313,90.40245510683117,95.55875441521954,2019-01-17 00:59:59.995,United States,Charlotte,North Carolina,28205,South
359,South-west,20,95.02556717782704,95.3791440402351,98.22104377147772,90.92889239142639,90.55931166705986,99.12440023150393,96.3110084898722,2019-01-18 01:00:00.000,United States,Columbus,Georgia,31907,South
